<?xml version="1.0" encoding="UTF-8"?>

<component-configuration
    xmlns:xsi="http://www.w3.org/2001/XMLSchema-instance" xmlns="http://tis.co.jp/nablarch/component-configuration"
    xsi:schemaLocation="http://tis.co.jp/nablarch/component-configuration  https://nablarch.github.io/schema/component-configuration.xsd">

  <import file="nablarch/core/db/connection-factory-datasource.xml"/>

  <!-- ダイアレクト設定 -->
  <component name="dialect" class="nablarch.core.db.dialect.PostgreSQLDialect" />

  <!-- データソース設定 -->
  <component name="dataSource" class="com.zaxxer.hikari.HikariDataSource" autowireType="None">
    <property name="driverClassName"   value="${nablarch.db.jdbcDriver}"/>
    <property name="jdbcUrl"           value="${nablarch.db.url}"/>
    <property name="username"          value="${nablarch.db.user}"/>
    <property name="password"          value="${nablarch.db.password}"/>
    <property name="maximumPoolSize"   value="${nablarch.db.maxPoolSize}"/>
    <property name="minimumIdle"       value="${nablarch.db.minimumIdle}"/>
    <property name="connectionTimeout" value="${nablarch.db.connectionTimeout}"/>
    <property name="idleTimeout"       value="${nablarch.db.idleTimeout}"/>
    <property name="maxLifetime"       value="${nablarch.db.maxLifetime}"/>
    <property name="validationTimeout" value="${nablarch.db.validationTimeout}"/>
  </component>

</component-configuration>
