<?xml version="1.0" encoding="UTF-8"?>

<component-configuration
    xmlns:xsi="http://www.w3.org/2001/XMLSchema-instance" xmlns="http://tis.co.jp/nablarch/component-configuration"
    xsi:schemaLocation="http://tis.co.jp/nablarch/component-configuration  https://nablarch.github.io/schema/component-configuration.xsd">

  <!-- 環境設定ファイル -->
  <config-file file="common.config" />

  <!-- データベース設定 -->
  <import file="nablarch/core/db-base.xml" />
  <import file="nablarch/core/db/connection-factory-datasource.xml"/>
  <component name="dataSource"
             class="com.zaxxer.hikari.HikariDataSource" autowireType="None">
    <property name="driverClassName" value="${nablarch.db.jdbcDriver}"/>
    <property name="jdbcUrl"         value="${nablarch.db.url}"/>
    <property name="username"        value="${nablarch.db.user}"/>
    <property name="password"        value="${nablarch.db.password}"/>
    <property name="maximumPoolSize" value="${nablarch.db.maxPoolSize}"/>
  </component>

  <!--パッケージマッピングの設定 -->
  <component name="packageMapping" class="nablarch.integration.router.PathOptionsProviderRoutesMapping">
    <property name="pathOptionsProvider">
      <component class="nablarch.integration.router.jaxrs.JaxRsPathOptionsProvider">
        <property name="applicationPath" value="${nablarch.webApi.applicationPath}" />
        <property name="basePackage" value="${nablarch.commonProperty.basePackage}" />
      </component>
    </property>
    <property name="methodBinderFactory">
      <component class="nablarch.fw.jaxrs.JaxRsMethodBinderFactory">
        <property name="handlerList">
          <component class="nablarch.integration.jaxrs.jersey.JerseyJaxRsHandlerListFactory" />
        </property>
      </component>
    </property>
    <property name="delegateFactory">
      <component class="nablarch.fw.handler.SystemRepositoryDelegateFactory"/>
    </property>
  </component>

  <!-- Flyway設定 -->
  <component name="dbMigration" class="com.example.system.nablarch.FlywayExecutor">
    <property name="dataSource" ref="dataSource"/>
    <property name="locations" value="${flyway.locations}" />
    <property name="cleanBeforeMigrate" value="${flyway.cleanBeforeMigrate}"/>
  </component>

  <!-- ダイアレクト設定 -->
  <component name="dialect" class="nablarch.core.db.dialect.PostgreSQLDialect" />

  <!-- セッションストア機能 -->
  <import file="nablarch/webui/session-store.xml" />

  <component name="sessionManager" class="nablarch.common.web.session.SessionManager">
    <property name="defaultStoreName" value="${nablarch.sessionManager.defaultStoreName}" />
    <property name="availableStores">
      <list>
        <!-- HTTPセッション上に保存するセッションストア -->
        <component-ref name="httpSessionStore" />
      </list>
    </property>
  </component>

  <!-- スレッドコンテキストハンドラ -->
  <import file="nablarch/webui/threadcontext-for-webui-in-sessionstore.xml"/>

  <!-- CSRFハンドラ -->
  <component name="csrfTokenVerificationHandler" class="nablarch.fw.web.handler.CsrfTokenVerificationHandler" />
  <component name="csrfTokenEndpointHandler" class="com.example.system.nablarch.handler.csrf.CsrfTokenEndpointHandler" />

  <!-- CORS設定 -->
  <component name="cors" class="nablarch.fw.jaxrs.cors.BasicCors">
    <property name="allowOrigins">
      <component class="nablarch.core.repository.di.config.StringListComponentFactory">
        <property name="values" value="${cors.origins}"/>
      </component>
    </property>
  </component>

  <!-- ハンドラキュー構成 -->
  <component name="webFrontController" class="nablarch.fw.web.servlet.WebFrontController">
    <property name="handlerQueue">
      <list>
        <component class="nablarch.fw.web.handler.HttpCharacterEncodingHandler"/>

        <component class="nablarch.fw.handler.GlobalErrorHandler"/>

        <component class="nablarch.common.handler.threadcontext.ThreadContextClearHandler"/>

        <component class="nablarch.fw.jaxrs.JaxRsResponseHandler">
          <property name="responseFinishers">
            <list>
              <!-- CORSレスポンス -->
              <component class="nablarch.fw.jaxrs.cors.CorsResponseFinisher">
                <property name="cors" ref="cors" />
              </component>
            </list>
          </property>
        </component>

        <component-ref name="sessionStoreHandler" />

        <component-ref name="threadContextHandler"/>

        <!-- CORSハンドラ -->
        <component class="nablarch.fw.jaxrs.CorsPreflightRequestHandler">
          <property name="cors" ref="cors" />
        </component>

        <!-- CSRFトークン検証ハンドラ -->
        <component-ref name="csrfTokenVerificationHandler"/>

        <!-- CSRFトークン取得APIのエンドポイント -->
        <component class="nablarch.fw.RequestHandlerEntry">
          <property name="requestPattern" value="/api/csrf_token" />
          <property name="handler" ref="csrfTokenEndpointHandler" />
        </component>

        <component-ref name="dbConnectionManagementHandler"/>

        <component-ref name="transactionManagementHandler"/>

        <component class="com.example.system.nablarch.handler.LoginCheckHandler"/>

        <component-ref name="packageMapping"/>
      </list>
    </property>
  </component>

  <!-- 初期化が必要なコンポーネント -->
  <component name="initializer" class="nablarch.core.repository.initialization.BasicApplicationInitializer">
    <property name="initializeList">
      <list>
        <component-ref name="packageMapping" />
        <component-ref name="dbMigration" />
      </list>
    </property>
  </component>

  <!-- Bean Validationのメッセージ構築 -->
  <component name="messageInterpolator" class="org.hibernate.validator.messageinterpolation.ResourceBundleMessageInterpolator"/>

</component-configuration>
