
{
  "header": {
    "reportVersion": 1,
    "event": "Allocation failed - JavaScript heap out of memory",
    "trigger": "FatalError",
    "filename": "report.20200912.175349.21172.0.001.json",
    "dumpEventTime": "2020-09-12T17:53:49Z",
    "dumpEventTimeStamp": "1599900829279",
    "processId": 21172,
    "cwd": "C:\\Users\\kiyoh\\work\\tis-aict\\aizurage\\spa-handson\\spa-restapi-handson\\book",
    "commandLine": [
      "node",
      "C:\\Users\\kiyoh\\work\\tis-aict\\aizurage\\spa-handson\\spa-restapi-handson\\book\\node_modules\\.bin\\\\..\\honkit\\bin\\honkit.js",
      "serve"
    ],
    "nodejsVersion": "v12.16.1",
    "wordSize": 64,
    "arch": "x64",
    "platform": "win32",
    "componentVersions": {
      "node": "12.16.1",
      "v8": "7.8.279.23-node.31",
      "uv": "1.34.0",
      "zlib": "1.2.11",
      "brotli": "1.0.7",
      "ares": "1.15.0",
      "modules": "72",
      "nghttp2": "1.40.0",
      "napi": "5",
      "llhttp": "2.0.4",
      "http_parser": "2.9.3",
      "openssl": "1.1.1d",
      "cldr": "35.1",
      "icu": "64.2",
      "tz": "2019c",
      "unicode": "12.1"
    },
    "release": {
      "name": "node",
      "lts": "Erbium",
      "headersUrl": "https://nodejs.org/download/release/v12.16.1/node-v12.16.1-headers.tar.gz",
      "sourceUrl": "https://nodejs.org/download/release/v12.16.1/node-v12.16.1.tar.gz",
      "libUrl": "https://nodejs.org/download/release/v12.16.1/win-x64/node.lib"
    },
    "osName": "Windows_NT",
    "osRelease": "10.0.19041",
    "osVersion": "Windows 10 Home",
    "osMachine": "x86_64",
    "cpus": [
      {
        "model": "Intel(R) Core(TM) i3-8130U CPU @ 2.20GHz",
        "speed": 2208,
        "user": 18061125,
        "nice": 0,
        "sys": 16991000,
        "idle": 117041656,
        "irq": 4234734
      },
      {
        "model": "Intel(R) Core(TM) i3-8130U CPU @ 2.20GHz",
        "speed": 2208,
        "user": 17417359,
        "nice": 0,
        "sys": 10727250,
        "idle": 123948750,
        "irq": 477343
      },
      {
        "model": "Intel(R) Core(TM) i3-8130U CPU @ 2.20GHz",
        "speed": 2208,
        "user": 21242218,
        "nice": 0,
        "sys": 11567359,
        "idle": 119283781,
        "irq": 340796
      },
      {
        "model": "Intel(R) Core(TM) i3-8130U CPU @ 2.20GHz",
        "speed": 2208,
        "user": 18583406,
        "nice": 0,
        "sys": 10539671,
        "idle": 122970281,
        "irq": 287125
      }
    ],
    "networkInterfaces": [
      {
        "name": "vEthernet (WSL)",
        "internal": false,
        "mac": "00:15:5d:cb:41:b9",
        "address": "fe80::48fa:7578:128d:7f5d",
        "netmask": "ffff:ffff:ffff:ffff::",
        "family": "IPv6",
        "scopeid": 44
      },
      {
        "name": "vEthernet (WSL)",
        "internal": false,
        "mac": "00:15:5d:cb:41:b9",
        "address": "172.30.192.1",
        "netmask": "255.255.240.0",
        "family": "IPv4"
      },
      {
        "name": "Wi-Fi",
        "internal": false,
        "mac": "20:16:b9:29:df:7e",
        "address": "2001:268:c0ce:4de6:9094:97e3:18af:2",
        "netmask": "ffff:ffff:ffff:ffff:ffff:ffff:ffff:ffff",
        "family": "IPv6",
        "scopeid": 0
      },
      {
        "name": "Wi-Fi",
        "internal": false,
        "mac": "20:16:b9:29:df:7e",
        "address": "2001:268:c0ce:4de6:dc6f:249d:69d5:398f",
        "netmask": "ffff:ffff:ffff:ffff::",
        "family": "IPv6",
        "scopeid": 0
      },
      {
        "name": "Wi-Fi",
        "internal": false,
        "mac": "20:16:b9:29:df:7e",
        "address": "2001:268:c0ce:4de6:8900:9e46:50e6:fddb",
        "netmask": "ffff:ffff:ffff:ffff:ffff:ffff:ffff:ffff",
        "family": "IPv6",
        "scopeid": 0
      },
      {
        "name": "Wi-Fi",
        "internal": false,
        "mac": "20:16:b9:29:df:7e",
        "address": "fe80::dc6f:249d:69d5:398f",
        "netmask": "ffff:ffff:ffff:ffff::",
        "family": "IPv6",
        "scopeid": 7
      },
      {
        "name": "Wi-Fi",
        "internal": false,
        "mac": "20:16:b9:29:df:7e",
        "address": "192.168.100.105",
        "netmask": "255.255.255.0",
        "family": "IPv4"
      },
      {
        "name": "Loopback Pseudo-Interface 1",
        "internal": true,
        "mac": "00:00:00:00:00:00",
        "address": "::1",
        "netmask": "ffff:ffff:ffff:ffff:ffff:ffff:ffff:ffff",
        "family": "IPv6",
        "scopeid": 0
      },
      {
        "name": "Loopback Pseudo-Interface 1",
        "internal": true,
        "mac": "00:00:00:00:00:00",
        "address": "127.0.0.1",
        "netmask": "255.0.0.0",
        "family": "IPv4"
      }
    ],
    "host": "LAPTOP-A1G209N6"
  },
  "javascriptStack": {
    "message": "No stack.",
    "stack": [
      "Unavailable."
    ]
  },
  "nativeStack": [
    {
      "pc": "0x00007ff7842019f9",
      "symbol": "std::basic_ostream<char,std::char_traits<char> >::operator<<+10873"
    },
    {
      "pc": "0x00007ff784205e1c",
      "symbol": "std::basic_ostream<char,std::char_traits<char> >::operator<<+28316"
    },
    {
      "pc": "0x00007ff784204dd8",
      "symbol": "std::basic_ostream<char,std::char_traits<char> >::operator<<+24152"
    },
    {
      "pc": "0x00007ff7843034cb",
      "symbol": "v8::base::CPU::has_sse+38363"
    },
    {
      "pc": "0x00007ff784b19f4e",
      "symbol": "v8::Isolate::ReportExternalAllocationLimitReached+94"
    },
    {
      "pc": "0x00007ff784b02021",
      "symbol": "v8::SharedArrayBuffer::Externalize+833"
    },
    {
      "pc": "0x00007ff7849ce57c",
      "symbol": "v8::internal::Heap::EphemeronKeyWriteBarrierFromCode+1436"
    },
    {
      "pc": "0x00007ff7849d97d0",
      "symbol": "v8::internal::Heap::ProtectUnprotectedMemoryChunks+1312"
    },
    {
      "pc": "0x00007ff7849d62f4",
      "symbol": "v8::internal::Heap::PageFlagsAreConsistent+3204"
    },
    {
      "pc": "0x00007ff7849cbb13",
      "symbol": "v8::internal::Heap::CollectGarbage+1283"
    },
    {
      "pc": "0x00007ff7849ca184",
      "symbol": "v8::internal::Heap::AddRetainedMap+2452"
    },
    {
      "pc": "0x00007ff7849eb36d",
      "symbol": "v8::internal::Factory::NewFillerObject+61"
    },
    {
      "pc": "0x00007ff784750c51",
      "symbol": "v8::internal::interpreter::JumpTableTargetOffsets::iterator::operator=+1665"
    },
    {
      "pc": "0x00007ff784f64ddd",
      "symbol": "v8::internal::SetupIsolateDelegate::SetupHeap+546637"
    },
    {
      "pc": "0x00000364d51870d2",
      "symbol": ""
    }
  ],
  "javascriptHeap": {
    "totalMemory": 2154049536,
    "totalCommittedMemory": 2154049536,
    "usedMemory": 2142098160,
    "availableMemory": 48476944,
    "memoryLimit": 2197815296,
    "heapSpaces": {
      "read_only_space": {
        "memorySize": 262144,
        "committedMemory": 262144,
        "capacity": 32808,
        "used": 32808,
        "available": 0
      },
      "new_space": {
        "memorySize": 4194304,
        "committedMemory": 4194304,
        "capacity": 2094912,
        "used": 188824,
        "available": 1906088
      },
      "old_space": {
        "memorySize": 2136358912,
        "committedMemory": 2136358912,
        "capacity": 2133541576,
        "used": 2132831392,
        "available": 710184
      },
      "code_space": {
        "memorySize": 2002944,
        "committedMemory": 2002944,
        "capacity": 1737088,
        "used": 1737088,
        "available": 0
      },
      "map_space": {
        "memorySize": 5246976,
        "committedMemory": 5246976,
        "capacity": 1398240,
        "used": 1398240,
        "available": 0
      },
      "large_object_space": {
        "memorySize": 5935104,
        "committedMemory": 5935104,
        "capacity": 5907024,
        "used": 5907024,
        "available": 0
      },
      "code_large_object_space": {
        "memorySize": 49152,
        "committedMemory": 49152,
        "capacity": 2784,
        "used": 2784,
        "available": 0
      },
      "new_large_object_space": {
        "memorySize": 0,
        "committedMemory": 0,
        "capacity": 2094912,
        "used": 0,
        "available": 2094912
      }
    }
  },
  "resourceUsage": {
    "userCpuSeconds": 371.312,
    "kernelCpuSeconds": 209.75,
    "cpuConsumptionPercent": 0.595814,
    "maxRss": 3860996096,
    "pageFaults": {
      "IORequired": 1430567,
      "IONotRequired": 0
    },
    "fsActivity": {
      "reads": 1953,
      "writes": 307
    }
  },
  "libuv": [
  ],
  "environmentVariables": {
    "=C:": "C:\\Users\\kiyoh\\work\\tis-aict\\aizurage\\spa-handson\\spa-restapi-handson\\book",
    "ACLOCAL_PATH": "C:\\Program Files\\Git\\mingw64\\share\\aclocal;C:\\Program Files\\Git\\usr\\share\\aclocal",
    "ALLUSERSPROFILE": "C:\\ProgramData",
    "APPDATA": "C:\\Users\\kiyoh\\AppData\\Roaming",
    "COMMONPROGRAMFILES": "C:\\Program Files\\Common Files",
    "CommonProgramFiles(x86)": "C:\\Program Files (x86)\\Common Files",
    "CommonProgramW6432": "C:\\Program Files\\Common Files",
    "COMPOSE_CONVERT_WINDOWS_PATHS": "true",
    "COMPUTERNAME": "LAPTOP-A1G209N6",
    "COMSPEC": "C:\\WINDOWS\\system32\\cmd.exe",
    "configsetroot": "C:\\WINDOWS\\ConfigSetRoot",
    "CONFIG_SITE": "C:/Program Files/Git/mingw64/etc/config.site",
    "DISPLAY": "needs-to-be-defined",
    "dp0": "C:\\Users\\kiyoh\\work\\tis-aict\\aizurage\\spa-handson\\spa-restapi-handson\\book\\node_modules\\.bin\\",
    "DriverData": "C:\\Windows\\System32\\Drivers\\DriverData",
    "ESET_OPTIONS": "                                                                                                                                                                                                                                                                                                                                                                                                                                                                                                                               ",
    "EXEPATH": "C:\\Program Files\\Git",
    "HOME": "C:\\Users\\kiyoh",
    "HOMEDRIVE": "C:",
    "HOMEPATH": "\\Users\\kiyoh",
    "HOSTNAME": "LAPTOP-A1G209N6",
    "INFOPATH": "C:\\Program Files\\Git\\usr\\local\\info;C:\\Program Files\\Git\\usr\\share\\info;C:\\Program Files\\Git\\usr\\info;C:\\Program Files\\Git\\share\\info",
    "INIT_CWD": "C:\\Users\\kiyoh\\work\\tis-aict\\aizurage\\spa-handson\\spa-restapi-handson\\book",
    "JAVA_HOME": "C:\\Program Files\\AdoptOpenJDK\\jdk-11.0.8.10-hotspot",
    "LANG": "ja_JP.UTF-8@cjknarrow",
    "LOCALAPPDATA": "C:\\Users\\kiyoh\\AppData\\Local",
    "LOGONSERVER": "\\\\LAPTOP-A1G209N6",
    "MANPATH": "C:\\Program Files\\Git\\mingw64\\local\\man;C:\\Program Files\\Git\\mingw64\\share\\man;C:\\Program Files\\Git\\usr\\local\\man;C:\\Program Files\\Git\\usr\\share\\man;C:\\Program Files\\Git\\usr\\man;C:\\Program Files\\Git\\share\\man",
    "MINGW_CHOST": "x86_64-w64-mingw32",
    "MINGW_PACKAGE_PREFIX": "mingw-w64-x86_64",
    "MINGW_PREFIX": "C:/Program Files/Git/mingw64",
    "MSYSTEM": "MINGW64",
    "MSYSTEM_CARCH": "x86_64",
    "MSYSTEM_CHOST": "x86_64-w64-mingw32",
    "MSYSTEM_PREFIX": "C:/Program Files/Git/mingw64",
    "NODE": "C:\\Program Files\\nodejs\\node.exe",
    "npm_config_access": "",
    "npm_config_allow_same_version": "",
    "npm_config_also": "",
    "npm_config_always_auth": "",
    "npm_config_argv": "{\"remain\":[],\"cooked\":[\"run\",\"start\"],\"original\":[\"run\",\"start\"]}",
    "npm_config_audit": "true",
    "npm_config_audit_level": "low",
    "npm_config_auth_type": "legacy",
    "npm_config_before": "",
    "npm_config_bin_links": "true",
    "npm_config_browser": "",
    "npm_config_ca": "",
    "npm_config_cache": "C:\\Users\\kiyoh\\AppData\\Roaming\\npm-cache",
    "npm_config_cache_lock_retries": "10",
    "npm_config_cache_lock_stale": "60000",
    "npm_config_cache_lock_wait": "10000",
    "npm_config_cache_max": "Infinity",
    "npm_config_cache_min": "10",
    "npm_config_cafile": "",
    "npm_config_cert": "",
    "npm_config_cidr": "",
    "npm_config_color": "true",
    "npm_config_commit_hooks": "true",
    "npm_config_depth": "Infinity",
    "npm_config_description": "true",
    "npm_config_dev": "",
    "npm_config_dry_run": "",
    "npm_config_editor": "notepad.exe",
    "npm_config_engine_strict": "",
    "npm_config_fetch_retries": "2",
    "npm_config_fetch_retry_factor": "10",
    "npm_config_fetch_retry_maxtimeout": "60000",
    "npm_config_fetch_retry_mintimeout": "10000",
    "npm_config_force": "",
    "npm_config_format_package_lock": "true",
    "npm_config_fund": "true",
    "npm_config_git": "git",
    "npm_config_git_tag_version": "true",
    "npm_config_global": "",
    "npm_config_globalconfig": "C:\\Users\\kiyoh\\AppData\\Roaming\\npm\\etc\\npmrc",
    "npm_config_globalignorefile": "C:\\Users\\kiyoh\\AppData\\Roaming\\npm\\etc\\npmignore",
    "npm_config_global_style": "",
    "npm_config_group": "",
    "npm_config_ham_it_up": "",
    "npm_config_heading": "npm",
    "npm_config_https_proxy": "",
    "npm_config_if_present": "",
    "npm_config_ignore_prepublish": "",
    "npm_config_ignore_scripts": "",
    "npm_config_init_author_email": "",
    "npm_config_init_author_name": "",
    "npm_config_init_author_url": "",
    "npm_config_init_license": "ISC",
    "npm_config_init_module": "C:\\Users\\kiyoh\\.npm-init.js",
    "npm_config_init_version": "1.0.0",
    "npm_config_json": "",
    "npm_config_key": "",
    "npm_config_legacy_bundling": "",
    "npm_config_link": "",
    "npm_config_local_address": "",
    "npm_config_loglevel": "notice",
    "npm_config_logs_max": "10",
    "npm_config_long": "",
    "npm_config_maxsockets": "50",
    "npm_config_message": "%s",
    "npm_config_metrics_registry": "https://registry.npmjs.org/",
    "npm_config_node_gyp": "C:\\Program Files\\nodejs\\node_modules\\npm\\node_modules\\node-gyp\\bin\\node-gyp.js",
    "npm_config_node_options": "",
    "npm_config_node_version": "12.16.1",
    "npm_config_noproxy": "",
    "npm_config_offline": "",
    "npm_config_onload_script": "",
    "npm_config_only": "",
    "npm_config_optional": "true",
    "npm_config_otp": "",
    "npm_config_package_lock": "true",
    "npm_config_package_lock_only": "",
    "npm_config_parseable": "",
    "npm_config_prefer_offline": "",
    "npm_config_prefer_online": "",
    "npm_config_prefix": "C:\\Users\\kiyoh\\AppData\\Roaming\\npm",
    "npm_config_preid": "",
    "npm_config_production": "",
    "npm_config_progress": "true",
    "npm_config_proxy": "",
    "npm_config_read_only": "",
    "npm_config_rebuild_bundle": "true",
    "npm_config_registry": "https://registry.npmjs.org/",
    "npm_config_rollback": "true",
    "npm_config_save": "true",
    "npm_config_save_bundle": "",
    "npm_config_save_dev": "",
    "npm_config_save_exact": "",
    "npm_config_save_optional": "",
    "npm_config_save_prefix": "^",
    "npm_config_save_prod": "",
    "npm_config_scope": "",
    "npm_config_scripts_prepend_node_path": "warn-only",
    "npm_config_script_shell": "",
    "npm_config_searchexclude": "",
    "npm_config_searchlimit": "20",
    "npm_config_searchopts": "",
    "npm_config_searchstaleness": "900",
    "npm_config_send_metrics": "",
    "npm_config_shell": "C:\\WINDOWS\\system32\\cmd.exe",
    "npm_config_shrinkwrap": "true",
    "npm_config_sign_git_commit": "",
    "npm_config_sign_git_tag": "",
    "npm_config_sso_poll_frequency": "500",
    "npm_config_sso_type": "oauth",
    "npm_config_strict_ssl": "true",
    "npm_config_tag": "latest",
    "npm_config_tag_version_prefix": "v",
    "npm_config_timing": "",
    "npm_config_tmp": "C:\\Users\\kiyoh\\AppData\\Local\\Temp",
    "npm_config_umask": "0000",
    "npm_config_unicode": "",
    "npm_config_unsafe_perm": "true",
    "npm_config_update_notifier": "true",
    "npm_config_usage": "",
    "npm_config_user": "",
    "npm_config_userconfig": "C:\\Users\\kiyoh\\.npmrc",
    "npm_config_user_agent": "npm/6.13.4 node/v12.16.1 win32 x64",
    "npm_config_version": "",
    "npm_config_versions": "",
    "npm_config_viewer": "browser",
    "npm_execpath": "C:\\Program Files\\nodejs\\node_modules\\npm\\bin\\npm-cli.js",
    "npm_lifecycle_event": "start",
    "npm_lifecycle_script": "honkit serve",
    "npm_node_execpath": "C:\\Program Files\\nodejs\\node.exe",
    "npm_package_author": "",
    "npm_package_description": "ハンズオンのドキュメントを生成するためのファイルを格納しています。",
    "npm_package_devDependencies_gitbook_plugin_anchors": "^0.7.1",
    "npm_package_devDependencies_gitbook_plugin_hints": "^1.0.2",
    "npm_package_devDependencies_gitbook_plugin_page_toc_button": "^0.1.1",
    "npm_package_devDependencies_honkit": "^3.6.5",
    "npm_package_license": "ISC",
    "npm_package_main": "index.js",
    "npm_package_name": "book",
    "npm_package_readmeFilename": "README.md",
    "npm_package_scripts_build": "honkit build",
    "npm_package_scripts_start": "honkit serve",
    "npm_package_version": "1.0.0",
    "NUMBER_OF_PROCESSORS": "4",
    "OLDPWD": "C:/Users/kiyoh/work/tis-aict/aizurage/spa-handson/spa-restapi-handson",
    "OneDrive": "C:\\Users\\kiyoh\\OneDrive",
    "OneDriveConsumer": "C:\\Users\\kiyoh\\OneDrive",
    "ORIGINAL_PATH": "C:\\Program Files\\Git\\mingw64\\bin;C:\\Program Files\\Git\\usr\\bin;C:\\Users\\kiyoh\\bin;C:\\Program Files\\AdoptOpenJDK\\jdk-11.0.8.10-hotspot\\bin;C:\\Program Files\\AdoptOpenJDK\\jdk-8.0.265.01-hotspot\\bin;C:\\Program Files (x86)\\Common Files\\Oracle\\Java\\javapath;C:\\WINDOWS\\system32;C:\\WINDOWS;C:\\WINDOWS\\System32\\Wbem;C:\\WINDOWS\\System32\\WindowsPowerShell\\v1.0;C:\\WINDOWS\\System32\\OpenSSH;C:\\Program Files\\Intel\\WiFi\\bin;C:\\Program Files\\Common Files\\Intel\\WirelessCommon;C:\\Program Files\\nodejs;C:\\Program Files (x86)\\Intel\\Intel(R) Management Engine Components\\DAL;C:\\Program Files\\Intel\\Intel(R) Management Engine Components\\DAL;C:\\tools\\apache-maven-3.6.3\\bin;C:\\Program Files\\Docker\\Docker\\resources\\bin;C:\\ProgramData\\DockerDesktop\\version-bin;C:\\Program Files\\Git\\cmd;C:\\Users\\kiyoh\\AppData\\Local\\Programs\\Python\\Python37-32\\Scripts;C:\\Users\\kiyoh\\AppData\\Local\\Programs\\Python\\Python37-32;C:\\Users\\kiyoh\\AppData\\Local\\Microsoft\\WindowsApps;C:\\Users\\kiyoh\\AppData\\Local\\Programs\\Microsoft VS Code\\bin;C:\\Program Files\\Intel\\WiFi\\bin;C:\\Program Files\\Common Files\\Intel\\WirelessCommon;C:\\Users\\kiyoh\\AppData\\Roaming\\npm",
    "ORIGINAL_TEMP": "C:/Users/kiyoh/AppData/Local/Temp",
    "ORIGINAL_TMP": "C:/Users/kiyoh/AppData/Local/Temp",
    "OS": "Windows_NT",
    "PATH": "C:\\Program Files\\nodejs\\node_modules\\npm\\node_modules\\npm-lifecycle\\node-gyp-bin;C:\\Users\\kiyoh\\work\\tis-aict\\aizurage\\spa-handson\\spa-restapi-handson\\book\\node_modules\\.bin;C:\\Users\\kiyoh\\bin;C:\\Program Files\\Git\\mingw64\\bin;C:\\Program Files\\Git\\usr\\local\\bin;C:\\Program Files\\Git\\usr\\bin;C:\\Program Files\\Git\\usr\\bin;C:\\Program Files\\Git\\mingw64\\bin;C:\\Program Files\\Git\\usr\\bin;C:\\Users\\kiyoh\\bin;C:\\Program Files\\AdoptOpenJDK\\jdk-11.0.8.10-hotspot\\bin;C:\\Program Files\\AdoptOpenJDK\\jdk-8.0.265.01-hotspot\\bin;C:\\Program Files (x86)\\Common Files\\Oracle\\Java\\javapath;C:\\WINDOWS\\system32;C:\\WINDOWS;C:\\WINDOWS\\System32\\Wbem;C:\\WINDOWS\\System32\\WindowsPowerShell\\v1.0;C:\\WINDOWS\\System32\\OpenSSH;C:\\Program Files\\Intel\\WiFi\\bin;C:\\Program Files\\Common Files\\Intel\\WirelessCommon;C:\\Program Files\\nodejs;C:\\Program Files (x86)\\Intel\\Intel(R) Management Engine Components\\DAL;C:\\Program Files\\Intel\\Intel(R) Management Engine Components\\DAL;C:\\tools\\apache-maven-3.6.3\\bin;C:\\Program Files\\Docker\\Docker\\resources\\bin;C:\\ProgramData\\DockerDesktop\\version-bin;C:\\Program Files\\Git\\cmd;C:\\Users\\kiyoh\\AppData\\Local\\Programs\\Python\\Python37-32\\Scripts;C:\\Users\\kiyoh\\AppData\\Local\\Programs\\Python\\Python37-32;C:\\Users\\kiyoh\\AppData\\Local\\Microsoft\\WindowsApps;C:\\Users\\kiyoh\\AppData\\Local\\Programs\\Microsoft VS Code\\bin;C:\\Program Files\\Intel\\WiFi\\bin;C:\\Program Files\\Common Files\\Intel\\WirelessCommon;C:\\Users\\kiyoh\\AppData\\Roaming\\npm;C:\\Program Files\\Git\\usr\\bin\\vendor_perl;C:\\Program Files\\Git\\usr\\bin\\core_perl",
    "Path": "C:\\Program Files\\nodejs\\node_modules\\npm\\node_modules\\npm-lifecycle\\node-gyp-bin;C:\\Users\\kiyoh\\work\\tis-aict\\aizurage\\spa-handson\\spa-restapi-handson\\book\\node_modules\\.bin;C:\\Users\\kiyoh\\bin;C:\\Program Files\\Git\\mingw64\\bin;C:\\Program Files\\Git\\usr\\local\\bin;C:\\Program Files\\Git\\usr\\bin;C:\\Program Files\\Git\\usr\\bin;C:\\Program Files\\Git\\mingw64\\bin;C:\\Program Files\\Git\\usr\\bin;C:\\Users\\kiyoh\\bin;C:\\Program Files\\AdoptOpenJDK\\jdk-11.0.8.10-hotspot\\bin;C:\\Program Files\\AdoptOpenJDK\\jdk-8.0.265.01-hotspot\\bin;C:\\Program Files (x86)\\Common Files\\Oracle\\Java\\javapath;C:\\WINDOWS\\system32;C:\\WINDOWS;C:\\WINDOWS\\System32\\Wbem;C:\\WINDOWS\\System32\\WindowsPowerShell\\v1.0;C:\\WINDOWS\\System32\\OpenSSH;C:\\Program Files\\Intel\\WiFi\\bin;C:\\Program Files\\Common Files\\Intel\\WirelessCommon;C:\\Program Files\\nodejs;C:\\Program Files (x86)\\Intel\\Intel(R) Management Engine Components\\DAL;C:\\Program Files\\Intel\\Intel(R) Management Engine Components\\DAL;C:\\tools\\apache-maven-3.6.3\\bin;C:\\Program Files\\Docker\\Docker\\resources\\bin;C:\\ProgramData\\DockerDesktop\\version-bin;C:\\Program Files\\Git\\cmd;C:\\Users\\kiyoh\\AppData\\Local\\Programs\\Python\\Python37-32\\Scripts;C:\\Users\\kiyoh\\AppData\\Local\\Programs\\Python\\Python37-32;C:\\Users\\kiyoh\\AppData\\Local\\Microsoft\\WindowsApps;C:\\Users\\kiyoh\\AppData\\Local\\Programs\\Microsoft VS Code\\bin;C:\\Program Files\\Intel\\WiFi\\bin;C:\\Program Files\\Common Files\\Intel\\WirelessCommon;C:\\Users\\kiyoh\\AppData\\Roaming\\npm;C:\\Program Files\\Git\\usr\\bin\\vendor_perl;C:\\Program Files\\Git\\usr\\bin\\core_perl",
    "PATHEXT": ".COM;.EXE;.BAT;.CMD;.VBS;.VBE;.JSE;.WSF;.WSH;.MSC",
    "PIPENV_VENV_IN_PROJECT": "true",
    "PKG_CONFIG_PATH": "C:\\Program Files\\Git\\mingw64\\lib\\pkgconfig;C:\\Program Files\\Git\\mingw64\\share\\pkgconfig",
    "PLINK_PROTOCOL": "ssh",
    "PROCESSOR_ARCHITECTURE": "AMD64",
    "PROCESSOR_IDENTIFIER": "Intel64 Family 6 Model 142 Stepping 10, GenuineIntel",
    "PROCESSOR_LEVEL": "6",
    "PROCESSOR_REVISION": "8e0a",
    "ProgramData": "C:\\ProgramData",
    "PROGRAMFILES": "C:\\Program Files",
    "ProgramFiles(x86)": "C:\\Program Files (x86)",
    "ProgramW6432": "C:\\Program Files",
    "PROMPT": "$P$G",
    "PSModulePath": "C:\\Program Files\\WindowsPowerShell\\Modules;C:\\WINDOWS\\system32\\WindowsPowerShell\\v1.0\\Modules",
    "PUBLIC": "C:\\Users\\Public",
    "PWD": "C:/Users/kiyoh/work/tis-aict/aizurage/spa-handson/spa-restapi-handson/book",
    "SESSIONNAME": "Console",
    "SHELL": "C:\\Program Files\\Git\\usr\\bin\\bash.exe",
    "SHLVL": "2",
    "SSH_ASKPASS": "C:/Program Files/Git/mingw64/libexec/git-core/git-gui--askpass",
    "SYSTEMDRIVE": "C:",
    "SYSTEMROOT": "C:\\WINDOWS",
    "TEMP": "C:\\Users\\kiyoh\\AppData\\Local\\Temp",
    "TERM": "xterm",
    "TERM_PROGRAM": "mintty",
    "TERM_PROGRAM_VERSION": "3.2.0",
    "TMP": "C:\\Users\\kiyoh\\AppData\\Local\\Temp",
    "TMPDIR": "C:\\Users\\kiyoh\\AppData\\Local\\Temp",
    "USERDOMAIN": "LAPTOP-A1G209N6",
    "USERDOMAIN_ROAMINGPROFILE": "LAPTOP-A1G209N6",
    "USERNAME": "kiyoh",
    "USERPROFILE": "C:\\Users\\kiyoh",
    "VS140COMNTOOLS": "C:\\Program Files (x86)\\Microsoft Visual Studio 14.0\\Common7\\Tools\\",
    "WINDIR": "C:\\WINDOWS",
    "_": "C:/Program Files/nodejs/node.exe",
    "_prog": "node"
  },
  "sharedObjects": [
    "C:\\Program Files\\nodejs\\node.exe",
    "C:\\WINDOWS\\SYSTEM32\\ntdll.dll",
    "C:\\WINDOWS\\System32\\KERNEL32.DLL",
    "C:\\WINDOWS\\System32\\KERNELBASE.dll",
    "C:\\WINDOWS\\System32\\WS2_32.dll",
    "C:\\WINDOWS\\System32\\RPCRT4.dll",
    "C:\\WINDOWS\\System32\\PSAPI.DLL",
    "C:\\WINDOWS\\System32\\ADVAPI32.dll",
    "C:\\WINDOWS\\SYSTEM32\\dbghelp.dll",
    "C:\\WINDOWS\\System32\\msvcrt.dll",
    "C:\\WINDOWS\\System32\\ucrtbase.dll",
    "C:\\WINDOWS\\System32\\sechost.dll",
    "C:\\WINDOWS\\SYSTEM32\\IPHLPAPI.DLL",
    "C:\\WINDOWS\\SYSTEM32\\USERENV.dll",
    "C:\\WINDOWS\\System32\\USER32.dll",
    "C:\\WINDOWS\\System32\\win32u.dll",
    "C:\\WINDOWS\\System32\\GDI32.dll",
    "C:\\WINDOWS\\System32\\gdi32full.dll",
    "C:\\WINDOWS\\System32\\msvcp_win.dll",
    "C:\\WINDOWS\\System32\\CRYPT32.dll",
    "C:\\WINDOWS\\System32\\bcrypt.dll",
    "C:\\WINDOWS\\SYSTEM32\\WINMM.dll",
    "C:\\WINDOWS\\System32\\IMM32.DLL",
    "C:\\WINDOWS\\SYSTEM32\\powrprof.dll",
    "C:\\WINDOWS\\SYSTEM32\\UMPDC.dll",
    "C:\\WINDOWS\\SYSTEM32\\CRYPTBASE.DLL",
    "C:\\WINDOWS\\system32\\uxtheme.dll",
    "C:\\WINDOWS\\System32\\combase.dll",
    "C:\\WINDOWS\\system32\\mswsock.dll",
    "C:\\WINDOWS\\SYSTEM32\\kernel.appcore.dll",
    "C:\\WINDOWS\\System32\\bcryptprimitives.dll",
    "C:\\WINDOWS\\System32\\NSI.dll",
    "C:\\WINDOWS\\SYSTEM32\\dhcpcsvc6.DLL",
    "C:\\WINDOWS\\SYSTEM32\\dhcpcsvc.DLL",
    "C:\\WINDOWS\\SYSTEM32\\DNSAPI.dll",
    "C:\\WINDOWS\\system32\\napinsp.dll",
    "C:\\WINDOWS\\system32\\pnrpnsp.dll",
    "C:\\WINDOWS\\system32\\wshbth.dll",
    "C:\\WINDOWS\\system32\\NLAapi.dll",
    "C:\\WINDOWS\\System32\\winrnr.dll"
  ]
}